,Vo,Mo
0.0,-21390117440.739285,-7999903922836493.0
5.0,-21384933970.627403,-7997965305014650.0
10.0,-21379790407.3623,-7996041612353502.0
15.0,-21374721790.97912,-7994145949826191.0
20.0,-21369764844.539383,-7992292051857731.0
25.0,-21364957844.251503,-7990494233750064.0
30.0,-21360340471.646095,-7988767336395640.0
35.0,-21355953647.634327,-7987126664215239.0
40.0,-21351839348.38208,-7985587916294900.0
45.0,-21348040403.044315,-7984167110738574.0
50.0,-21344600273.52225,-7982880502297323.0
55.0,-21341562816.53065,-7981744493382465.0
60.0,-21338972028.39274,-7980775538618886.0
65.0,-21336871773.11649,-7979990043145568.0
70.0,-21335305494.446693,-7979404254923064.0
75.0,-21334315912.732548,-7979034151361974.0
80.0,-21333944707.59943,-7978895320642188.0
85.0,-21334232187.565346,-7979002838149440.0
90.0,-21335216947.89686,-7979371138513426.0
95.0,-21336935518.1546,-7980013883789820.0
100.0,-21339422001.034668,-7980943828386967.0
105.0,-21342707704.267586,-7982172681396078.0
110.0,-21346820767.490578,-7983710967041477.0
115.0,-21351785786.160477,-7985567884024019.0
120.0,-21357623434.722282,-7987751164586135.0
125.0,-21364350091.391533,-7990266934180434.0
130.0,-21371977467.045494,-7993119572675015.0
135.0,-21380512240.848106,-7996311578077193.0
140.0,-21389955705.35467,-7999843433802648.0
145.0,-21400303423.95387,-8003713480558748.0
150.0,-21411544903.604942,-8007917793948250.0
155.0,-21423663285.915833,-8012450068932522.0
160.0,-21436635059.682285,-8017301512321176.0
165.0,-21450429798.06714,-8022460744477111.0
170.0,-21465009923.641804,-8027913711442035.0
175.0,-21480330504.537334,-8033643608696964.0
180.0,-21496339084.95884,-8039630817774607.0
185.0,-21512975553.30354,-8045852856935524.0
190.0,-21530172051.08807,-8052284347106939.0
195.0,-21547852925.83379,-8058896994261838.0
200.0,-21565934730.9788,-8065659589386073.0
205.0,-21584326275.781235,-8072538027142183.0
210.0,-21602928728.049343,-8079495344290455.0
215.0,-21621635772.37936,-8086491778869882.0
220.0,-21640333826.40132,-8093484851074096.0
225.0,-21658902317.3256,-8100429466679775.0
230.0,-21677214020.8488,-8107278043797453.0
235.0,-21695135464.216274,-8113980663616887.0
240.0,-21712527394.950268,-8120485245711401.0
245.0,-21729245316.437634,-8126737748347676.0
250.0,-21745140091.229492,-8132682394119831.0
255.0,-21760058612.53782,-8138261921089145.0
260.0,-21773844544.02162,-8143417859464088.0
265.0,-21786339127.53861,-8148090833699440.0
270.0,-21797382058.099045,-8152220889729043.0
275.0,-21806812424.797497,-8155747846874265.0
280.0,-21814469716.017433,-8158611673790521.0
285.0,-21820194886.705105,-8160752887627710.0
290.0,-21823831484.994682,-8162112975388012.0
295.0,-21825226834.938595,-8162634836267036.0
300.0,-21824233271.558277,-8162263243562797.0
305.0,-21820709423.883583,-8160945324532461.0
310.0,-21814521541.09712,-8158631056370324.0
315.0,-21805544856.34598,-8155273776273398.0
320.0,-21793664982.231133,-8150830703354444.0
325.0,-21778779331.437973,-8145263469957803.0
330.0,-21760798555.433823,-8138538659732251.0
335.0,-21739647993.633682,-8130628349618998.0
340.0,-21715269124.92862,-8121510652723304.0
345.0,-21687621012.985813,-8111170258856695.0
350.0,-21656681736.27033,-8099598969365104.0
355.0,-21622449793.310455,-8086796222698112.0
360.0,-21584945473.33587,-8072769607027617.0
365.0,-21544212182.065334,-8057535356092436.0
370.0,-21500317712.113174,-8041118824330329.0
375.0,-21453355447.226173,-8023554937262590.0
380.0,-21403445489.35905,-8004888613020287.0
385.0,-21350735697.45273,-7985175150847321.0
390.0,-21295402626.698936,-7964480582385403.0
395.0,-21237652357.062557,-7942881981541398.0
400.0,-21177721199.8928,-7920467728759907.0
405.0,-21115876271.590813,-7897337725574965.0
410.0,-21052415923.517895,-7873603555395693.0
415.0,-20987670017.62824,-7849388586592962.0
420.0,-20922000037.697426,-7824828014098838.0
425.0,-20855799026.49377,-7800068835908670.0
430.0,-20789491339.808033,-7775269761088205.0
435.0,-20723532208.918495,-7750601046135517.0
440.0,-20658407103.82511,-7726244256830593.0
445.0,-20594630890.43865,-7702391953024056.0
450.0,-20532746775.85859,-7679247294171113.0
455.0,-20473325036.916847,-7657023563806901.0
460.0,-20416961528.30138,-7635943611584717.0
465.0,-20364275967.8027,-7616239211958211.0
470.0,-20315909997.54455,-7598150339081663.0
475.0,-20272525021.463593,-7581924358027384.0
480.0,-20234799820.78769,-7567815132974596.0
485.0,-20203427950.8228,-7556082053607727.0
490.0,-20179114923.988033,-7546988981571525.0
495.0,-20162575185.730465,-7540803119463194.0
500.0,-20154528891.69677,-7537793805494593.0
505.0,-20155698496.328953,-7538231237627029.0
510.0,-20166805164.873093,-7542385131662537.0
515.0,-20188565022.622234,-7550523318460717.0
520.0,-20221685257.02707,-7562910286128124.0
525.0,-20266860090.095364,-7579805673695667.0
530.0,-20324766640.325504,-7601462723481739.0
535.0,-20396060695.396008,-7628126700078107.0
540.0,-20481372419.040527,-7660033284721159.0
545.0,-20581302017.955425,-7697406954715329.0
550.0,-20696415397.120895,-7740459358523216.0
555.0,-20827239834.45792,-7789387698087263.0
560.0,-20974259708.19329,-7844373130864292.0
565.0,-21137912312.587265,-7905579204907638.0
570.0,-21318583799.72655,-7973150341097731.0
575.0,-21516605286.816433,-8047210377269346.0
580.0,-21732249169.70075,-8127861189468081.0
585.0,-21965725684.07733,-8215181405844923.0
590.0,-22217179755.998146,-8309225228743307.0
595.0,-22486688182.75447,-8410021380350173.0
600.0,-22774257184.176193,-8517572186881898.0
605.0,-23079820362.7265,-8631852815659713.0
610.0,-23403237108.52936,-8752810678589983.0
615.0,-23744291482.61123,-8880365014496600.0
620.0,-24102691608.198044,-9014406661466070.0
625.0,-24478069595.966286,-9154798028891392.0
630.0,-24869982024.801033,-9301373277275588.0
635.0,-25277910994.921974,-9453938712100820.0
640.0,-25701265765.199192,-9612273396184498.0
645.0,-26139384981.06101,-9776129982916818.0
650.0,-26591539493.558228,-9945235770590778.0
655.0,-27056935763.855167,-1.0119293975681834e+16
660.0,-27534719840.642307,-1.0297985220400224e+16
665.0,-28023981890.744305,-1.0480969227138372e+16
670.0,-28523761255.66731,-1.0667886709619574e+16
675.0,-29033051999.18653,-1.0858361447695764e+16
680.0,-29550808903.484604,-1.1052002529903244e+16
685.0,-30075953863.884884,-1.1248406745092948e+16
690.0,-30607382624.829613,-1.1447161101686276e+16
695.0,-31143971792.281063,-1.1647845450313118e+16
700.0,-31684586050.046856,-1.1850035182717526e+16
705.0,-32228085499.710587,-1.2053303976891762e+16
710.0,-32773333036.410606,-1.2257226555617568e+16
715.0,-33319201667.019512,-1.24613814234653e+16
720.0,-33864581675.32842,-1.266535354657283e+16
725.0,-34408387541.9823,-1.2868736940701382e+16
730.0,-34949564534.73171,-1.307113713598966e+16
735.0,-35487094895.37765,-1.3272173490871242e+16
740.0,-36020003562.00288,-1.3471481332189076e+16
745.0,-36547363377.81386,-1.3668713903302384e+16
750.0,-37068299750.64891,-1.3863544106742694e+16
755.0,-37581994739.40291,-1.405566603253669e+16
760.0,-38087690554.657425,-1.424479626744188e+16
765.0,-38584692470.21975,-1.443067498386219e+16
770.0,-39072371149.97935,-1.4613066810092278e+16
775.0,-39550164400.74217,-1.4791761485877576e+16
780.0,-40017578366.865,-1.496657430920751e+16
785.0,-40474188186.81269,-1.513734638186795e+16
790.0,-40919638135.194084,-1.530394466256259e+16
795.0,-41353641276.27102,-1.5466261837325362e+16
800.0,-41775978656.40783,-1.562421601749653e+16
805.0,-42186498063.68816,-1.5777750275819374e+16
810.0,-42585112383.274864,-1.5926832031344802e+16
815.0,-42971797577.21079,-1.6071452293876838e+16
820.0,-43346590317.32162,-1.6211624778678286e+16
825.0,-43709585299.68836,-1.634738490208345e+16
830.0,-44060932268.758415,-1.647878866851565e+16
835.0,-44400832778.53175,-1.6605911459170876e+16
840.0,-44729536717.49578,-1.6728846732343424e+16
845.0,-45047338623.33297,-1.6847704645126532e+16
850.0,-45354573813.14666,-1.6962610606116854e+16
855.0,-45651614355.13357,-1.7073703768819958e+16
860.0,-45938864908.11977,-1.7181135475636794e+16
865.0,-46216758455.862114,-1.7285067662492434e+16
870.0,-46485751963.242836,-1.7385671234252824e+16
875.0,-46746321981.376396,-1.7483124421034772e+16
880.0,-46998960228.23595,-1.7577611125360246e+16
885.0,-47244169170.70189,-1.766931926984251e+16
890.0,-47482457632.96638,-1.7758439154729428e+16
895.0,-47714336455.151405,-1.7845161834226628e+16
900.0,-47940314225.0483,-1.7929677520168068e+16
905.0,-48160893105.20585,-1.801217402134699e+16
910.0,-48376564777.15429,-1.8092835226655708e+16
915.0,-48587806524.220535,-1.8171839640058484e+16
920.0,-48795077474.01674,-1.8249358975282264e+16
925.0,-48998815021.14664,-1.8325556817908844e+16
930.0,-49199431449.86848,-1.8400587362250812e+16
935.0,-49397310775.302505,-1.847459422996314e+16
940.0,-49592805820.25784,-1.8547709376776436e+16
945.0,-49786235542.92971,-1.862005209305571e+16
950.0,-49977882628.673454,-1.869172810312387e+16
955.0,-50167991356.88039,-1.8762828767473268e+16
960.0,-50356765751.73645,-1.8833430391149436e+16
965.0,-50544368023.400475,-1.890359364075178e+16
970.0,-50730917303.949524,-1.8973363071677124e+16
975.0,-50916488680.36175,-1.9042766766455296e+16
980.0,-51101112524.93627,-1.911181608432617e+16
985.0,-51284774122.0394,-1.9180505521642736e+16
990.0,-51467413589.05151,-1.9248812682305268e+16
995.0,-51648926088.853745,-1.93166983572313e+16
1000.0,-51829162330.96171,-1.938410671177968e+16
1005.0,-52007929358.28322,-1.9450965579997924e+16
1010.0,-52184991616.32447,-1.951718686450535e+16
1015.0,-52360072301.45756,-1.958266704074513e+16
1020.0,-52532854984.59403,-1.964728776423817e+16
1025.0,-52702985506.29802,-1.971091657935546e+16
1030.0,-52870074138.996155,-1.9773407727984564e+16
1035.0,-53033698011.42693,-1.9834603056273676e+16
1040.0,-53193403789.72058,-1.98943330173555e+16
1045.0,-53348710608.439674,-1.995241776755644e+16
1050.0,-53499113243.52323,-2.0008668353077692e+16
1055.0,-53644085517.39393,-2.0062887983505332e+16
1060.0,-53783083924.5861,-2.01148733877952e+16
1065.0,-53915551464.25174,-2.016441624763015e+16
1070.0,-54040921663.90654,-2.021130470230105e+16
1075.0,-54158622776.79269,-2.0255324918520468e+16
1080.0,-54268082133.191734,-2.029626271781371e+16
1085.0,-54368730623.87261,-2.033390525332836e+16
1090.0,-54460007291.62784,-2.0368042727068812e+16
1095.0,-54541364004.58179,-2.0398470137713588e+16
1100.0,-54612270182.66209,-2.0424989048315624e+16
1105.0,-54672217546.275185,-2.044740936230692e+16
1110.0,-54720724853.78885,-2.046555109531703e+16
1115.0,-54757342591.95855,-2.04792461293925e+16
1120.0,-54781657581.13287,-2.0488339935343696e+16
1125.0,-54793297455.17378,-2.0492693248234996e+16
1130.0,-54791934974.675186,-2.0492183680528524e+16
1135.0,-54777292131.29426,-2.0486707257104056e+16
1140.0,-54749144000.82882,-2.047617985630998e+16
1145.0,-54707322303.09081,-2.046053854135597e+16
1150.0,-54651718627.60626,-2.0439742766724744e+16
1155.0,-54582287285.637024,-2.0413775444828252e+16
1160.0,-54499047750.85346,-2.0382643858819196e+16
1165.0,-54402086653.03469,-2.0346380408234976e+16
1170.0,-54291559291.32591,-2.0305043174955896e+16
1175.0,-54167690635.88677,-2.0258716297821656e+16
1180.0,-54030775789.388466,-2.020751014523129e+16
1185.0,-53881179882.96862,-2.0151561276230264e+16
1190.0,-53719337385.15234,-2.009103218204698e+16
1195.0,-53545750807.09652,-2.00261108018541e+16
1200.0,-53360988793.42148,-1.9957009808739636e+16
1205.0,-53165683594.86729,-1.988396566448037e+16
1210.0,-52960527926.94399,-1.9807237444677056e+16
1215.0,-52746271227.3849,-1.9727105439041956e+16
1220.0,-52523715334.20145,-1.9643869534991344e+16
1225.0,-52293709615.12685,-1.9557847396057444e+16
1230.0,-52057145587.96473,-1.9469372449898812e+16
1235.0,-51814951079.71937,-1.937879170381505e+16
1240.0,-51568083980.47163,-1.928646340869639e+16
1245.0,-51317525656.07994,-1.91927545953739e+16
1250.0,-51064274092.304794,-1.9098038510521996e+16
1255.0,-50809336851.98201,-1.9002691982641276e+16
1260.0,-50553723935.78056,-1.8907092751981932e+16
1265.0,-50298440644.505905,-1.8811616801045212e+16
1270.0,-50044480545.44353,-1.871663572399588e+16
1275.0,-49792818646.11449,-1.862251417364682e+16
1280.0,-49544404875.91136,-1.8529607423590852e+16
1285.0,-49300157969.72338,-1.8438259080676548e+16
1290.0,-49060959838.616,-1.8348798979642384e+16
1295.0,-48827650501.92704,-1.8261541287720716e+16
1300.0,-48601023643.60273,-1.8176782842707424e+16
1305.0,-48381822843.622765,-1.8094801743514916e+16
1310.0,-48170738523.07988,-1.8015856207631876e+16
1315.0,-47968405628.96141,-1.7940183705231572e+16
1320.0,-47775402072.05802,-1.7868000374949702e+16
1325.0,-47592247918.83449,-1.7799500721644102e+16
1330.0,-47419405325.62383,-1.7734857591783316e+16
1335.0,-47257279191.2158,-1.767422241751471e+16
1340.0,-47106218491.88666,-1.7617725715965612e+16
1345.0,-46966518251.17249,-1.7565477825938516e+16
1350.0,-46838422085.136314,-1.7517569859840982e+16
1355.0,-46722125252.50445,-1.7474074844436666e+16
1360.0,-46617778128.06857,-1.7435049019897646e+16
1365.0,-46525490007.536606,-1.7400533262818694e+16
1370.0,-46445333143.041626,-1.737055459549757e+16
1375.0,-46377346901.67868,-1.7345127741227828e+16
1380.0,-46321541936.28278,-1.7324256684169762e+16
1385.0,-46277904259.61984,-1.7307936193097824e+16
1390.0,-46246399120.21257,-1.7296153270959504e+16
1395.0,-46226974588.557205,-1.7288888496120396e+16
1400.0,-46219564774.823746,-1.7286117225784084e+16
1405.0,-46224092612.802895,-1.7287810637188286e+16
1410.0,-46240472160.28363,-1.729393658794608e+16
1415.0,-46268610383.39159,-1.7304460283388456e+16
1420.0,-46308408411.12724,-1.731934474576159e+16
1425.0,-46359762265.49565,-1.7338551087295376e+16
1430.0,-46422563091.36999,-1.7362038596172378e+16
1435.0,-46496696927.75897,-1.7389764650981858e+16
1440.0,-46582044077.50861,-1.7421684484988224e+16
1445.0,-46678478144.69103,-1.7457750826114448e+16
1450.0,-46785864817.22372,-1.7497913441641672e+16
1455.0,-46904060476.11723,-1.7542118618067848e+16
1460.0,-47032910712.07666,-1.7590308606316672e+16
1465.0,-47172248825.48489,-1.7642421060731352e+16
1470.0,-47321894378.17259,-1.7698388497436552e+16
1475.0,-47481651856.105,-1.7758137794183274e+16
1480.0,-47651309492.12585,-1.782158975005507e+16
1485.0,-47830638287.7023,-1.7888658719600664e+16
1490.0,-48019391262.58549,-1.7959252332206974e+16
1495.0,-48217302951.83714,-1.8033271303987096e+16
1500.0,-48424089161.07631,-1.8110609346242544e+16
1505.0,-48639446983.1532,-1.81911531716993e+16
1510.0,-48863055072.68697,-1.8274782597184932e+16
1515.0,-49094574168.8925,-1.83613707391658e+16
1520.0,-49333647851.77246,-1.8450784296562904e+16
1525.0,-49579903512.02378,-1.8542883913496896e+16
1530.0,-49832953510.96894,-1.8637524613102388e+16
1535.0,-50092396503.680954,-1.873455629237668e+16
1540.0,-50357818896.5001,-1.883382426729104e+16
1545.0,-50628796409.47658,-1.8935169857144244e+16
1550.0,-50904895714.77632,-1.9038430997326344e+16
1555.0,-51185676123.42937,-1.9143442870162584e+16
1560.0,-51470691294.68198,-1.9250038544211064e+16
1565.0,-51759490944.465744,-1.9358049613230188e+16
1570.0,-52051622531.99195,-1.946730682696499e+16
1575.0,-52346632906.006,-1.9577640706846244e+16
1580.0,-52644069894.52518,-1.968888214055242e+16
1585.0,-52943483823.76917,-1.980086295008967e+16
1590.0,-53244428953.54592,-1.9913416428626176e+16
1595.0,-53546464817.841774,-2.0026377841872824e+16
1600.0,-53849157461.023026,-2.0139584890422612e+16
1605.0,-54152080561.933334,-2.0252878130163068e+16
1610.0,-54454816440.138756,-2.0366101348611896e+16
1615.0,-54756956940.4833,-2.0479101895740756e+16
1620.0,-55058104193.922745,-2.059173096852711e+16
1625.0,-55357871254.35285,-2.070384384912797e+16
1630.0,-55655882612.90455,-2.0815300097226304e+16
1635.0,-55951774592.93698,-2.0925963697758436e+16
1640.0,-56245195630.63051,-2.1035703165855812e+16
1645.0,-56535806447.601494,-2.1144391611402964e+16
1650.0,-56823280123.41417,-2.12519067661569e+16
1655.0,-57107302077.47934,-2.1358130976977276e+16
1660.0,-57387569971.788284,-2.146295116944882e+16
1665.0,-57663793548.18025,-2.1566258787019416e+16
1670.0,-57935694416.07987,-2.166794971161387e+16
1675.0,-58203005808.448845,-2.176792417235987e+16
1680.0,-58465472324.716125,-2.186608664944383e+16
1685.0,-58722849679.51239,-2.1962345780137636e+16
1690.0,-58974904475.21089,-2.2056614273728876e+16
1695.0,-59221414014.822426,-2.214880884154359e+16
1700.0,-59462166169.97294,-2.223885014756988e+16
1705.0,-59696959316.65597,-2.2326662784429336e+16
1710.0,-59925602349.23302,-2.241217527861315e+16
1715.0,-60147914780.74371,-2.249532012799815e+16
1720.0,-60363726934.98383,-2.2576033873683956e+16
1725.0,-60572880233.01132,-2.2654257207146236e+16
1730.0,-60775227573.76065,-2.272993511258649e+16
1735.0,-60970633805.40952,-2.2803017043223164e+16
1740.0,-61158976281.36621,-2.2873457129230964e+16
1745.0,-61340145492.58836,-2.294121441422805e+16
1750.0,-61514045766.5125,-2.3006253116675676e+16
1755.0,-61680596021.89793,-2.3068542912189828e+16
1760.0,-61839730567.923195,-2.3128059232403276e+16
1765.0,-61991399934.65163,-2.318478357555971e+16
1770.0,-62135571720.56615,-2.323870382349174e+16
1775.0,-62272231441.48491,-2.328981455911536e+16
1780.0,-62401383363.960106,-2.3338117378121084e+16
1785.0,-62523051305.27539,-2.3383621188173e+16
1790.0,-62637279381.42425,-2.342634248865267e+16
1795.0,-62744132684.05084,-2.346630562383502e+16
1800.0,-62843697867.36805,-2.3503543002395652e+16
1805.0,-62936083626.590385,-2.353809527634481e+16
1810.0,-63021421050.40644,-2.3570011472852012e+16
1815.0,-63099863831.38475,-2.35993490729379e+16
1820.0,-63171588319.90044,-2.3626174031642764e+16
1825.0,-63236793409.1911,-2.3650560735037476e+16
1830.0,-63295700241.51999,-2.3672591890328476e+16
1835.0,-63348551728.12173,-2.369235834631753e+16
1840.0,-63395611878.58509,-2.3709958842590828e+16
1845.0,-63437164938.52441,-2.3725499687008132e+16
1850.0,-63473514337.6897,-2.3739094362295948e+16
1855.0,-63504981453.81245,-2.3750863063725856e+16
1860.0,-63531904200.13035,-2.376093217084875e+16
1865.0,-63554635446.43277,-2.376943365696586e+16
1870.0,-63573541284.70934,-2.3776504440481296e+16
1875.0,-63588999151.49353,-2.3782285682658584e+16
1880.0,-63601395820.23183,-2.3786922036766708e+16
1885.0,-63611125278.657104,-2.379056085421776e+16
1890.0,-63618586508.06834,-2.379335135401756e+16
1895.0,-63624181183.37388,-2.3795443762581836e+16
1900.0,-63628311314.556915,-2.379698843164429e+16
1905.0,-63631376851.74137,-2.3798134942551276e+16
1910.0,-63633773277.12783,-2.3799031205645812e+16
1915.0,-63635889207.55613,-2.3799822563625996e+16
1920.0,-63638104031.19559,-2.380065090766715e+16
1925.0,-63640785600.87437,-2.3801653814727016e+16
1930.0,-63644288005.00964,-2.380296371387361e+16
1935.0,-63648949435.212166,-2.380470708876935e+16
1940.0,-63655090167.56338,-2.3807003722668704e+16
1945.0,-63663010672.39893,-2.3809965991477204e+16
1950.0,-63672989865.31052,-2.3813698209626136e+16
1955.0,-63685283510.126236,-2.3818296032787216e+16
1960.0,-63700122782.85816,-2.3823845920788956e+16
1965.0,-63717713003.92646,-2.3830424663468496e+16
1970.0,-63738232544.321,-2.3838098971576056e+16
1975.0,-63761831909.71866,-2.384692513423478e+16
1980.0,-63788633004.87199,-2.3856948743822124e+16
1985.0,-63818728578.70117,-2.386820448843424e+16
1990.0,-63852181848.383835,-2.388071601129556e+16
1995.0,-63889026298.456825,-2.3894495835622856e+16
2000.0,-63929265648.85856,-2.3909545352673104e+16
2005.0,-63972873984.34227,-2.3925854870144012e+16
2010.0,-64019796036.95286,-2.3943403717820372e+16
2015.0,-64069947613.16943,-2.396216040732537e+16
2020.0,-64123216157.64357,-2.3982082842958696e+16
2025.0,-64179461446.02427,-2.400311858081308e+16
2030.0,-64238516400.01731,-2.4025205133606476e+16
2035.0,-64300188018.48338,-2.4048270318912788e+16
2040.0,-64364258418.97058,-2.4072232648695e+16
2045.0,-64430485984.53014,-2.4097001758214276e+16
2050.0,-64498606610.91783,-2.412247887248327e+16
2055.0,-64568335049.35474,-2.4148557308458676e+16
2060.0,-64639366339.9864,-2.4175123011154916e+16
2065.0,-64711377331.04648,-2.4202055121811384e+16
2070.0,-64784028278.439766,-2.4229226576136476e+16
2075.0,-64856964519.99637,-2.4256504730478644e+16
2080.0,-64929818218.08905,-2.4283752013565308e+16
2085.0,-65002210163.777115,-2.4310826601252644e+16
2090.0,-65073751635.302025,-2.433758311160296e+16
2095.0,-65144046303.70229,-2.436387331758466e+16
2100.0,-65212692178.47425,-2.4389546874749372e+16
2105.0,-65279283586.40697,-2.441445206131621e+16
2110.0,-65343413176.79671,-2.4438436528121972e+16
2115.0,-65404673946.12716,-2.446134805585156e+16
2120.0,-65462661275.02252,-2.4483035316858428e+16
2125.0,-65516974969.90904,-2.4503348638745984e+16
2130.0,-65567221301.39029,-2.4522140766719972e+16
2135.0,-65613015030.90608,-2.453926762155888e+16
2140.0,-65653981416.93478,-2.455458904993361e+16
2145.0,-65689758191.91123,-2.4567969563774804e+16
2150.0,-65719997501.129616,-2.457927906542248e+16
2155.0,-65744367795.06777,-2.4588393555355348e+16
2160.0,-65762555666.69299,-2.4595195819343184e+16
2165.0,-65774267625.298416,-2.4599576091861612e+16
2170.0,-65779231798.292984,-2.4601432692561576e+16
2175.0,-65777199552.258095,-2.460067263254453e+16
2180.0,-65767947024.58922,-2.4597212187196372e+16
2185.0,-65751276557.11305,-2.4590977432360284e+16
2190.0,-65727018023.081566,-2.4581904740632508e+16
2195.0,-65695030038.8085,-2.4569941234514384e+16
2200.0,-65655201050.94838,-2.4555045193054696e+16
2205.0,-65607450290.147385,-2.4537186408515124e+16
2210.0,-65551728581.70134,-2.4516346489556304e+16
2215.0,-65488019004.05475,-2.449251910751648e+16
2220.0,-65416337386.449036,-2.446571018253194e+16
2225.0,-65336732637.72381,-2.4435938006508708e+16
2230.0,-65249286899.16761,-2.440323330028869e+16
2235.0,-65154115515.37174,-2.4367639202749036e+16
2240.0,-65051366818.228455,-2.4329211190017444e+16
2245.0,-64941221720.5058,-2.4288016923469172e+16
2250.0,-64823893116.73531,-2.4244136025659012e+16
2255.0,-64699625090.31221,-2.419765978377677e+16
2260.0,-64568691926.643036,-2.4148690780564496e+16
2265.0,-64431396932.91937,-2.409734245291185e+16
2270.0,-64288071065.740974,-2.404373857858713e+16
2275.0,-64139071368.46526,-2.3988012691806012e+16
2280.0,-63984779220.95494,-2.393030742863715e+16
2285.0,-63825598405.46357,-2.387077380364338e+16
2290.0,-63661952993.809494,-2.380957041968475e+16
2295.0,-63494285062.72131,-2.3746862613457776e+16
2300.0,-63323052246.2125,-2.3682821540083476e+16
2305.0,-63148725136.029495,-2.361762320087503e+16
2310.0,-62971784543.6808,-2.3551447419336624e+16
2315.0,-62792718640.36428,-2.3484476771496244e+16
2320.0,-62612019994.22988,-2.341689547784198e+16
2325.0,-62430182527.646706,-2.3348888265339868e+16
2330.0,-62247698420.13815,-2.328063920913167e+16
2335.0,-62065054985.07058,-2.32123305644164e+16
2340.0,-61882731549.90738,-2.3144141599665364e+16
2345.0,-61701196370.915306,-2.307624744272233e+16
2350.0,-61520903613.59443,-2.300881795148432e+16
2355.0,-61342290429.63097,-2.2942016620681984e+16
2360.0,-61165774159.73459,-2.287599953574074e+16
2365.0,-60991749689.4245,-2.2810914383844764e+16
2370.0,-60820586981.94812,-2.27468995312486e+16
2375.0,-60652628809.372955,-2.268408317470549e+16
2380.0,-60488188699.75277,-2.2622582573707536e+16
2385.0,-60327549115.29811,-2.2562503369121496e+16
2390.0,-60170959873.74287,-2.2503938992779836e+16
2395.0,-60018636822.61727,-2.2446970171658864e+16
2400.0,-59870760773.91809,-2.239166452944537e+16
2405.0,-59727476704.65528,-2.233807628754108e+16
2410.0,-59588893226.8459,-2.228624606684037e+16
2415.0,-59455082328.65551,-2.2236200790917164e+16
2420.0,-59326079386.59006,-2.2187953690584684e+16
2425.0,-59201883447.002525,-2.2141504409178948e+16
2430.0,-59082457773.73524,-2.209683920737698e+16
2435.0,-58967730657.37728,-2.2053931265859108e+16
2440.0,-58857596480.2163,-2.2012741083600896e+16
2445.0,-58751917029.390114,-2.1973216968991904e+16
2450.0,-58650523048.90709,-2.1935295620291256e+16
2455.0,-58553216018.9901,-2.18989027911023e+16
2460.0,-58459770148.58249,-2.1863954035569852e+16
2465.0,-58369934564.00488,-2.1830355526937828e+16
2470.0,-58283435673.94404,-2.179800494205507e+16
2475.0,-58199979688.421234,-2.1766792403469544e+16
2480.0,-58119255267.2901,-2.17366014699665e+16
2485.0,-58040936272.27553,-2.1707310165831052e+16
2490.0,-57964684595.63233,-2.1678792038766496e+16
2495.0,-57890153038.11064,-2.1650917236253384e+16
2500.0,-57816988208.953316,-2.1623553590148544e+16
2505.0,-57744833421.051,-2.1596567699473076e+16
2510.0,-57673331555.109535,-2.156982600161097e+16
2515.0,-57602127867.68379,-2.154319582251374e+16
2520.0,-57530872719.1282,-2.1516546396953948e+16
2525.0,-57459224198.82904,-2.1489749850362064e+16
2530.0,-57386850626.41825,-2.1462682134280428e+16
2535.0,-57313432908.93088,-2.143522390794015e+16
2540.0,-57238666735.07319,-2.1407261358917376e+16
2545.0,-57162264589.09268,-2.1378686956320664e+16
2550.0,-57083957568.422165,-2.1349400130589892e+16
2555.0,-57003496991.37423,-2.1319307874773964e+16
2560.0,-56920655783.50057,-2.1288325263029216e+16
2565.0,-56835229633.55515,-2.125637588294963e+16
2570.0,-56747037912.2465,-2.122339217918019e+16
2575.0,-56655924349.21159,-2.118931570660514e+16
2580.0,-56561757465.93631,-2.115409729226018e+16
2585.0,-56464430764.648544,-2.111769710597856e+16
2590.0,-56363862675.4917,-2.1080084640633896e+16
2595.0,-56259996266.538376,-2.1041238603685356e+16
2600.0,-56152798723.408325,-2.1001146722554716e+16
2605.0,-56042260607.40655,-2.0959805467170052e+16
2610.0,-55928394903.26432,-2.091721969382086e+16
2615.0,-55811235869.848595,-2.0873402215323376e+16
2620.0,-55690837709.630005,-2.0828373303401624e+16
2625.0,-55567273075.12366,-2.0782160130096252e+16
2630.0,-55440631432.64213,-2.0734796155808156e+16
2635.0,-55311017305.20333,-2.068632047214605e+16
2640.0,-55178548417.108215,-2.0636777107998476e+16
2645.0,-55043353762.5409,-2.05862143071903e+16
2650.0,-54905571619.726845,-2.0534683785777844e+16
2655.0,-54765347530.89971,-2.0482239976556492e+16
2660.0,-54622832266.659744,-2.0428939267730748e+16
2665.0,-54478179791.38832,-2.037483924197923e+16
2670.0,-54331545244.58407,-2.0319997921474444e+16
2675.0,-54183082951.768265,-2.0264473023961332e+16
2680.0,-54032944478.220856,-2.0208321234854604e+16
2685.0,-53881276739.20131,-2.0151597500461292e+16
2690.0,-53728220181.20962,-2.00943543477724e+16
2695.0,-53573907049.87444,-2.0036641236653044e+16
2700.0,-53418459760.87091,-1.9978503950565724e+16
2705.0,-53261989390.720795,-1.991998403212958e+16
2710.0,-53104594304.48558,-1.986111826987761e+16
2715.0,-52946358937.34069,-1.980193824256542e+16
2720.0,-52787352746.82589,-1.9742469927312884e+16
2725.0,-52627629352.13606,-1.9682733377698892e+16
2730.0,-52467225876.12012,-1.962274247766893e+16
2735.0,-52306162504.6689,-1.9562504776746172e+16
2740.0,-52144442276.8144,-1.9502021411528588e+16
2745.0,-51982051116.98744,-1.9441287117753304e+16
2750.0,-51818958118.32142,-1.9380290336252212e+16
2755.0,-51655116082.48325,-1.931901341484874e+16
2760.0,-51490462317.21477,-1.9257432906638324e+16
2765.0,-51324919687.776276,-1.919551996322833e+16
2770.0,-51158397913.243126,-1.913324081955293e+16
2775.0,-50990795093.580154,-1.907055736499898e+16
2780.0,-50821999448.8377,-1.90074277938653e+16
2785.0,-50651891247.686356,-1.89438073266347e+16
2790.0,-50480344898.906044,-1.8879648992190864e+16
2795.0,-50307231176.61803,-1.8814904460055144e+16
2800.0,-50132419548.18955,-1.8749524911022896e+16
2805.0,-49955780572.74376,-1.868346193420617e+16
2810.0,-49777188337.79726,-1.8616668438336176e+16
2815.0,-49596522901.556885,-1.8549099565182276e+16
2820.0,-49413672708.83633,-1.8480713593104788e+16
2825.0,-49228536949.44617,-1.8411472819092868e+16
2830.0,-49041027829.25772,-1.834134440814239e+16
2835.0,-48851072725.839966,-1.8270301199464148e+16
2840.0,-48658616202.46291,-1.8198322459721132e+16
2845.0,-48463621856.26693,-1.812539457424383e+16
2850.0,-48266073978.57479,-1.8051511667986976e+16
2855.0,-48065979007.75767,-1.7976676148901368e+16
2860.0,-47863366757.76604,-1.79008991674045e+16
2865.0,-47658291408.38872,-1.7824200986737384e+16
2870.0,-47450832246.47606,-1.774661126018205e+16
2875.0,-47241094150.606895,-1.766816921232698e+16
2880.0,-47029207814.76135,-1.7588923722720748e+16
2885.0,-46815329709.33878,-1.7508933311292708e+16
2890.0,-46599641780.29402,-1.7428266025829964e+16
2895.0,-46382350889.252525,-1.7346999232580446e+16
2900.0,-46163687999.25854,-1.7265219311722696e+16
2905.0,-45943907112.48014,-1.7183021260067574e+16
2910.0,-45723283967.99544,-1.7100508204030294e+16
2915.0,-45502114509.94526,-1.7017790826719528e+16
2920.0,-45280713138.94526,-1.693498671396553e+16
2925.0,-45059410762.59565,-1.6852219625210776e+16
2930.0,-44838552663.99238,-1.676961869633315e+16
2935.0,-44618496210.13035,-1.6687317582588752e+16
2940.0,-44399608424.88677,-1.6605453550907656e+16
2945.0,-44182263453.81582,-1.6524166531727118e+16
2950.0,-43966839950.1623,-1.64435981413607e+16
2955.0,-43753718413.09548,-1.6363890686497714e+16
2960.0,-43543278509.93557,-1.6285186162715904e+16
2965.0,-43335896413.97434,-1.6207625258826406e+16
2970.0,-43131942188.44785,-1.61313463784795e+16
2975.0,-42931777245.51448,-1.6056484689822418e+16
2980.0,-42735751906.95982,-1.5983171213202976e+16
2985.0,-42544203090.92001,-1.5911531956004086e+16
2990.0,-42357452146.187515,-1.5841687102674132e+16
2995.0,-42175802852.613365,-1.57737502668774e+16
3000.0,-41999539602.83104,-1.570782781145881e+16
3005.0,-41828925777.19376,-1.5644018240670468e+16
3010.0,-41664202320.621506,-1.5582411667912444e+16
3015.0,-41505586527.09021,-1.5523089361131738e+16
3020.0,-41353271034.78448,-1.5466123367009396e+16
3025.0,-41207423032.47112,-1.5411576214144202e+16
3030.0,-41068183675.426605,-1.5359500694609554e+16
3035.0,-40935667707.257,-1.530993972251412e+16
3040.0,-40809963282.1763,-1.5262926267533936e+16
3045.0,-40691131980.747536,-1.521848336079958e+16
3050.0,-40579209010.73232,-1.517662417001389e+16
3055.0,-40474203583.52793,-1.5137352140239448e+16
3060.0,-40376099455.68745,-1.5100661196427108e+16
3065.0,-40284855624.20736,-1.5066536003453554e+16
3070.0,-40200407163.61857,-1.5034952279193346e+16
3075.0,-40122666192.42132,-1.5005877155965574e+16
3080.0,-40051522956.05141,-1.4979269585563228e+16
3085.0,-39986847013.344864,-1.4955080782990982e+16
3090.0,-39928488513.3709,-1.493325470400072e+16
3095.0,-39876279549.51894,-1.4913728551520086e+16
3100.0,-39830035577.844795,-1.4896433306113954e+16
3105.0,-39789556886.894844,-1.4881294275698672e+16
3110.0,-39754630106.52591,-1.4868231659840694e+16
3115.0,-39725029743.61341,-1.4857161124111418e+16
3120.0,-39700519732.98289,-1.48479943801356e+16
3125.0,-39680854992.40166,-1.484063976715822e+16
3130.0,-39665782971.02003,-1.483500283116149e+16
3135.0,-39655045181.247604,-1.4830986897786604e+16
3140.0,-39648378704.68247,-1.4828493635551248e+16
3145.0,-39645517663.371956,-1.4827423606101114e+16
3150.0,-39646194648.36699,-1.4827676798489256e+16
3155.0,-39650142098.23157,-1.482915314473861e+16
3160.0,-39657093620.87812,-1.483175301420842e+16
3165.0,-39666785252.81361,-1.483537768455229e+16
3170.0,-39678956650.59447,-1.4839929787322332e+16
3175.0,-39693352209.99658,-1.4845313726538724e+16
3180.0,-39709722109.10486,-1.4851436068805218e+16
3185.0,-39727823272.21127,-1.485820590380702e+16
3190.0,-39747420252.07786,-1.4865535174277122e+16
3195.0,-39768286028.76751,-1.487333897475905e+16
3200.0,-39790202723.86892,-1.4881535818726978e+16
3205.0,-39812962229.539085,-1.489004787384762e+16
3210.0,-39836366752.35608,-1.4898801165381176e+16
3215.0,-39860229272.51367,-1.4907725747920114e+16
3220.0,-39884373919.39718,-1.4916755845854548e+16
3225.0,-39908636265.05447,-1.4925829963130374e+16
3230.0,-39932863537.51693,-1.4934890963031332e+16
3235.0,-39956914756.3321,-1.4943886118868208e+16
3240.0,-39980660793.04099,-1.4952767136597334e+16
3245.0,-40003984359.66989,-1.4961490150516542e+16
3250.0,-40026779928.608116,-1.4970015693299438e+16
3255.0,-40048953587.50987,-1.4978308641728694e+16
3260.0,-40070422833.09099,-1.498633813957603e+16
3265.0,-40091116307.88998,-1.4994077499150852e+16
3270.0,-40110973484.2285,-1.500150408310146e+16
3275.0,-40129944299.740135,-1.5008599168102814e+16
3280.0,-40147988748.93856,-1.5015347792103022e+16
3285.0,-40165076435.36906,-1.5021738586828028e+16
3290.0,-40181186088.93078,-1.5027763597260112e+16
3295.0,-40196305052.97336,-1.5033418089812038e+16
3300.0,-40210428745.76169,-1.5038700350914874e+16
3305.0,-40223560100.86758,-1.5043611477724476e+16
3310.0,-40235708990.98892,-1.5048155162629858e+16
3315.0,-40246891639.61699,-1.5052337473216756e+16
3320.0,-40257130024.87127,-1.5056166629301856e+16
3325.0,-40266451279.70208,-1.5059652778608578e+16
3330.0,-40274887092.52308,-1.5062807772603632e+16
3335.0,-40282473112.18235,-1.50656449439562e+16
3340.0,-40289248361.01188,-1.5068178887018446e+16
3345.0,-40295254659.51293,-1.5070425242657838e+16
3350.0,-40300536066.04025,-1.5072400488699056e+16
3355.0,-40305138334.64218,-1.5074121737156178e+16
3360.0,-40309108393.99824,-1.5075606539355344e+16
3365.0,-40312493850.171234,-1.5076872699964042e+16
3370.0,-40315342515.65883,-1.5077938100856406e+16
3375.0,-40317701966.99059,-1.5078820535654482e+16
3380.0,-40319619132.871506,-1.5079537555693946e+16
3385.0,-40321139914.62376,-1.5080106328069288e+16
3390.0,-40322308840.423805,-1.5080543506318506e+16
3395.0,-40323168754.575134,-1.50808651142111e+16
3400.0,-40323760542.796,-1.5081086443005704e+16
3405.0,-40324122894.23948,-1.5081221962445566e+16
3410.0,-40324292100.6983,-1.5081285245661168e+16
3415.0,-40324301893.18167,-1.5081288908049946e+16
3420.0,-40324183315.78422,-1.50812445601033e+16
3425.0,-40323964636.50069,-1.5081162774051258e+16
3430.0,-40323671294.37178,-1.5081053064095048e+16
3435.0,-40323325882.07967,-1.5080923879897798e+16
3440.0,-40322948162.8439,-1.5080782612903622e+16
3445.0,-40322555120.20153,-1.5080635614955374e+16
3450.0,-40322161038.98836,-1.5080488228581648e+16
3455.0,-40321777615.572296,-1.508034482822404e+16
3460.0,-40321414095.123665,-1.5080208871576252e+16
3465.0,-40321077433.442474,-1.5080082960107488e+16
3470.0,-40320772480.597946,-1.5079968907743632e+16
3475.0,-40320502183.37138,-1.5079867816580898e+16
3480.0,-40320267803.23016,-1.5079780158408084e+16
